cluster_id,num_species,total_occurrences,avg_occurrences
3,60,84800,1413.3333333333333
2,147,79338,539.7142857142857
1,59,55040,932.8813559322034
4,19,46491,2446.8947368421054
0,61,24941,408.8688524590164
